codon;tt1;tt2;tt3;tt4;tt5;tt6;tt9;tt10;tt11;tt12;tt13;tt14;tt16;tt21;tt22;tt23;tt24;tt25;tt26;tt27;tt28;tt29;tt30;tt31;tt32;tt33
UUU;F;F;F;F;F;F;F;F;F;F;F;F;F;F;F;F;F;F;F;F;F;F;F;F;F;F
UUC;F;F;F;F;F;F;F;F;F;F;F;F;F;F;F;F;F;F;F;F;F;F;F;F;F;F
UUA;L;L;L;L;L;L;L;L;L;L;L;L;L;L;L;*;L;L;L;L;L;L;L;L;L;L
UUG;L;L;L;L;L;L;L;L;L;L;L;L;L;L;L;L;L;L;L;L;L;L;L;L;L;L
UCU;S;S;S;S;S;S;S;S;S;S;S;S;S;S;S;S;S;S;S;S;S;S;S;S;S;S
UCC;S;S;S;S;S;S;S;S;S;S;S;S;S;S;S;S;S;S;S;S;S;S;S;S;S;S
UCA;S;S;S;S;S;S;S;S;S;S;S;S;S;S;*;S;S;S;S;S;S;S;S;S;S;S
UCG;S;S;S;S;S;S;S;S;S;S;S;S;S;S;S;S;S;S;S;S;S;S;S;S;S;S
UAU;Y;Y;Y;Y;Y;Y;Y;Y;Y;Y;Y;Y;Y;Y;Y;Y;Y;Y;Y;Y;Y;Y;Y;Y;Y;Y
UAC;Y;Y;Y;Y;Y;Y;Y;Y;Y;Y;Y;Y;Y;Y;Y;Y;Y;Y;Y;Y;Y;Y;Y;Y;Y;Y
UAA;*;*;*;*;*;Q;*;*;*;*;*;Y;*;*;*;*;*;*;*;Q;Q;Y;E;E;*;Y
UAG;*;*;*;*;*;Q;*;*;*;*;*;*;L;*;L;*;*;*;*;Q;Q;Y;E;E;W;*
UGU;C;C;C;C;C;C;C;C;C;C;C;C;C;C;C;C;C;C;C;C;C;C;C;C;C;C
UGC;C;C;C;C;C;C;C;C;C;C;C;C;C;C;C;C;C;C;C;C;C;C;C;C;C;C
UGA;*;W;W;W;W;*;W;C;*;*;W;W;*;W;*;*;W;G;*;W;W;*;*;W;*;W
UGG;W;W;W;W;W;W;W;W;W;W;W;W;W;W;W;W;W;W;W;W;W;W;W;W;W;W
CUU;L;L;T;L;L;L;L;L;L;L;L;L;L;L;L;L;L;L;L;L;L;L;L;L;L;L
CUC;L;L;T;L;L;L;L;L;L;L;L;L;L;L;L;L;L;L;L;L;L;L;L;L;L;L
CUA;L;L;T;L;L;L;L;L;L;L;L;L;L;L;L;L;L;L;L;L;L;L;L;L;L;L
CUG;L;L;T;L;L;L;L;L;L;S;L;L;L;L;L;L;L;L;A;L;L;L;L;L;L;L
CCU;P;P;P;P;P;P;P;P;P;P;P;P;P;P;P;P;P;P;P;P;P;P;P;P;P;P
CCC;P;P;P;P;P;P;P;P;P;P;P;P;P;P;P;P;P;P;P;P;P;P;P;P;P;P
CCA;P;P;P;P;P;P;P;P;P;P;P;P;P;P;P;P;P;P;P;P;P;P;P;P;P;P
CCG;P;P;P;P;P;P;P;P;P;P;P;P;P;P;P;P;P;P;P;P;P;P;P;P;P;P
CAU;H;H;H;H;H;H;H;H;H;H;H;H;H;H;H;H;H;H;H;H;H;H;H;H;H;H
CAC;H;H;H;H;H;H;H;H;H;H;H;H;H;H;H;H;H;H;H;H;H;H;H;H;H;H
CAA;Q;Q;Q;Q;Q;Q;Q;Q;Q;Q;Q;Q;Q;Q;Q;Q;Q;Q;Q;Q;Q;Q;Q;Q;Q;Q
CAG;Q;Q;Q;Q;Q;Q;Q;Q;Q;Q;Q;Q;Q;Q;Q;Q;Q;Q;Q;Q;Q;Q;Q;Q;Q;Q
CGU;R;R;R;R;R;R;R;R;R;R;R;R;R;R;R;R;R;R;R;R;R;R;R;R;R;R
CGC;R;R;R;R;R;R;R;R;R;R;R;R;R;R;R;R;R;R;R;R;R;R;R;R;R;R
CGA;R;R;R;R;R;R;R;R;R;R;R;R;R;R;R;R;R;R;R;R;R;R;R;R;R;R
CGG;R;R;R;R;R;R;R;R;R;R;R;R;R;R;R;R;R;R;R;R;R;R;R;R;R;R
AUU;I;I;I;I;I;I;I;I;I;I;I;I;I;I;I;I;I;I;I;I;I;I;I;I;I;I
AUC;I;I;I;I;I;I;I;I;I;I;I;I;I;I;I;I;I;I;I;I;I;I;I;I;I;I
AUA;I;M;M;I;M;I;I;I;I;I;M;I;I;M;I;I;I;I;I;I;I;I;I;I;I;I
AUG;M;M;M;M;M;M;M;M;M;M;M;M;M;M;M;M;M;M;M;M;M;M;M;M;M;M
ACU;T;T;T;T;T;T;T;T;T;T;T;T;T;T;T;T;T;T;T;T;T;T;T;T;T;T
ACC;T;T;T;T;T;T;T;T;T;T;T;T;T;T;T;T;T;T;T;T;T;T;T;T;T;T
ACA;T;T;T;T;T;T;T;T;T;T;T;T;T;T;T;T;T;T;T;T;T;T;T;T;T;T
ACG;T;T;T;T;T;T;T;T;T;T;T;T;T;T;T;T;T;T;T;T;T;T;T;T;T;T
AAU;N;N;N;N;N;N;N;N;N;N;N;N;N;N;N;N;N;N;N;N;N;N;N;N;N;N
AAC;N;N;N;N;N;N;N;N;N;N;N;N;N;N;N;N;N;N;N;N;N;N;N;N;N;N
AAA;K;K;K;K;K;K;N;K;K;K;K;N;K;N;K;K;K;K;K;K;K;K;K;K;K;K
AAG;K;K;K;K;K;K;K;K;K;K;K;K;K;K;K;K;K;K;K;K;K;K;K;K;K;K
AGU;S;S;S;S;S;S;S;S;S;S;S;S;S;S;S;S;S;S;S;S;S;S;S;S;S;S
AGC;S;S;S;S;S;S;S;S;S;S;S;S;S;S;S;S;S;S;S;S;S;S;S;S;S;S
AGA;R;*;R;R;S;R;S;R;R;R;G;S;R;S;R;R;S;R;R;R;R;R;R;R;R;S
AGG;R;*;R;R;S;R;S;R;R;R;G;S;R;S;R;R;K;R;R;R;R;R;R;R;R;K
GUU;V;V;V;V;V;V;V;V;V;V;V;V;V;V;V;V;V;V;V;V;V;V;V;V;V;V
GUC;V;V;V;V;V;V;V;V;V;V;V;V;V;V;V;V;V;V;V;V;V;V;V;V;V;V
GUA;V;V;V;V;V;V;V;V;V;V;V;V;V;V;V;V;V;V;V;V;V;V;V;V;V;V
GUG;V;V;V;V;V;V;V;V;V;V;V;V;V;V;V;V;V;V;V;V;V;V;V;V;V;V
GCU;A;A;A;A;A;A;A;A;A;A;A;A;A;A;A;A;A;A;A;A;A;A;A;A;A;A
GCC;A;A;A;A;A;A;A;A;A;A;A;A;A;A;A;A;A;A;A;A;A;A;A;A;A;A
GCA;A;A;A;A;A;A;A;A;A;A;A;A;A;A;A;A;A;A;A;A;A;A;A;A;A;A
GCG;A;A;A;A;A;A;A;A;A;A;A;A;A;A;A;A;A;A;A;A;A;A;A;A;A;A
GAU;D;D;D;D;D;D;D;D;D;D;D;D;D;D;D;D;D;D;D;D;D;D;D;D;D;D
GAC;D;D;D;D;D;D;D;D;D;D;D;D;D;D;D;D;D;D;D;D;D;D;D;D;D;D
GAA;E;E;E;E;E;E;E;E;E;E;E;E;E;E;E;E;E;E;E;E;E;E;E;E;E;E
GAG;E;E;E;E;E;E;E;E;E;E;E;E;E;E;E;E;E;E;E;E;E;E;E;E;E;E
GGU;G;G;G;G;G;G;G;G;G;G;G;G;G;G;G;G;G;G;G;G;G;G;G;G;G;G
GGC;G;G;G;G;G;G;G;G;G;G;G;G;G;G;G;G;G;G;G;G;G;G;G;G;G;G
GGA;G;G;G;G;G;G;G;G;G;G;G;G;G;G;G;G;G;G;G;G;G;G;G;G;G;G
GGG;G;G;G;G;G;G;G;G;G;G;G;G;G;G;G;G;G;G;G;G;G;G;G;G;G;G
